{
    "rmse": 4.351475687924073,
    "mae": 3.052382797250035,
    "r2": 0.9312260426990339
}