{
    "rmse": 4.940118807792824,
    "mae": 3.3943850316475292,
    "r2": 0.9106052933350899
}