{
    "rmse": 7.987910944034152,
    "mae": 6.228359414501482,
    "r2": 0.7662759274920335
}