{
    "rmse": 4.395638174099695,
    "mae": 3.105021736086301,
    "r2": 0.929823005498706
}