{
    "rmse": 4.420750714929596,
    "mae": 2.878361449124361,
    "r2": 0.9284138397941946
}