{
    "rmse": 4.327835722274824,
    "mae": 2.79227377486083,
    "r2": 0.9319712601286919
}