{
    "rmse": 4.984415907453296,
    "mae": 3.4591255667875833,
    "r2": 0.9089949352302574
}